{
  "model": "EEG_CNN_LSTM",
  "experiment": "subject_independent",
  "device": "mps",
  "n_params": 101220,
  "best_epoch": 40,
  "best_val_f1": 0.31438081446706934,
  "best_val_loss": 1.1219884586334228,
  "test_accuracy": 0.352059925093633,
  "test_f1_macro": 0.3368055537587377,
  "confusion_matrix": [
    [
      29,
      67,
      81
    ],
    [
      28,
      77,
      72
    ],
    [
      28,
      70,
      82
    ]
  ],
  "classification_report": {
    "0": {
      "precision": 0.3411764705882353,
      "recall": 0.1638418079096045,
      "f1-score": 0.22137404580152673,
      "support": 177.0
    },
    "1": {
      "precision": 0.3598130841121495,
      "recall": 0.4350282485875706,
      "f1-score": 0.3938618925831202,
      "support": 177.0
    },
    "2": {
      "precision": 0.34893617021276596,
      "recall": 0.45555555555555555,
      "f1-score": 0.39518072289156625,
      "support": 180.0
    },
    "accuracy": 0.352059925093633,
    "macro avg": {
      "precision": 0.3499752416377169,
      "recall": 0.35147520401757687,
      "f1-score": 0.3368055537587377,
      "support": 534.0
    },
    "weighted avg": {
      "precision": 0.34996940415780153,
      "recall": 0.352059925093633,
      "f1-score": 0.3371335041471244,
      "support": 534.0
    }
  },
  "train_subjects": [
    1,
    2,
    4,
    5,
    6,
    7,
    10,
    11,
    14,
    15,
    16,
    18,
    19,
    20,
    23,
    25,
    29,
    31,
    34,
    35,
    36,
    37,
    38,
    39,
    40
  ],
  "val_subjects": [
    13,
    22,
    26,
    27,
    32
  ],
  "test_subjects": [
    8,
    9,
    17,
    24,
    30,
    33
  ],
  "kept_window_starts": [
    40,
    80,
    120
  ],
  "config": {
    "batch_size": 64,
    "epochs": 160,
    "lr": 0.0001,
    "dropout": 0.3,
    "patience": 30,
    "weight_decay": 0.0001,
    "label_smoothing": 0.05
  }
}