{
  "model": "EEGNet",
  "experiment": "subject_independent",
  "config": {
    "data_dir": "../preprocessed",
    "results_dir": "./results/eeg_net",
    "x_name": "X_eeg_win.npy",
    "y_name": "y_win.npy",
    "s_name": "subject_ids_win.npy",
    "t_name": "trial_ids_win.npy",
    "batch_size": 64,
    "epochs": 200,
    "lr": 0.0001,
    "weight_decay": 0.0001,
    "dropout": 0.25,
    "patience": 40,
    "label_smoothing": 0.05,
    "grad_clip": 1.0,
    "seed": 42,
    "n_channels": 15,
    "n_samples": 80,
    "n_classes": 3
  },
  "device": "mps",
  "n_params": 12931,
  "best_epoch": 4,
  "best_val_f1": 0.29966560905043166,
  "best_val_loss": 1.102495674027337,
  "test_loss": 1.1011625019352087,
  "test_accuracy": 0.3389513108614232,
  "test_f1_macro": 0.30492215044809035,
  "confusion_matrix": [
    [
      66,
      93,
      18
    ],
    [
      62,
      100,
      15
    ],
    [
      56,
      109,
      15
    ]
  ],
  "train_subjects": [
    1,
    2,
    4,
    5,
    6,
    7,
    10,
    11,
    14,
    15,
    16,
    18,
    19,
    20,
    23,
    25,
    29,
    31,
    34,
    35,
    36,
    37,
    38,
    39,
    40
  ],
  "val_subjects": [
    13,
    22,
    26,
    27,
    32
  ],
  "test_subjects": [
    8,
    9,
    17,
    24,
    30,
    33
  ],
  "n_train_samples": 2235,
  "n_val_samples": 450,
  "n_test_samples": 534,
  "kept_window_starts": [
    40,
    80,
    120
  ],
  "classification_report": {
    "0": {
      "precision": 0.358695652173913,
      "recall": 0.3728813559322034,
      "f1-score": 0.3656509695290859,
      "support": 177.0
    },
    "1": {
      "precision": 0.33112582781456956,
      "recall": 0.5649717514124294,
      "f1-score": 0.4175365344467641,
      "support": 177.0
    },
    "2": {
      "precision": 0.3125,
      "recall": 0.08333333333333333,
      "f1-score": 0.13157894736842105,
      "support": 180.0
    },
    "accuracy": 0.3389513108614232,
    "macro avg": {
      "precision": 0.33410715999616086,
      "recall": 0.3403954802259887,
      "f1-score": 0.30492215044809035,
      "support": 534.0
    },
    "weighted avg": {
      "precision": 0.3339857714568566,
      "recall": 0.3389513108614232,
      "f1-score": 0.30394831222854163,
      "support": 534.0
    }
  }
}